{"type":"text","data":{"Presente":["o","as","a","amos","áis","an","endo","endes","ende","emos","endeis","enden","iento","ientes","iente","imos","entís","ienten"],"Futuro Imperfecto":["é","ás","á","remos","éis","án","irán","eran"],"Condicional simple":["arías","aría","aríamos","aríais","arían","ería","erías","eríamos","enderían","iría","irías","iríamos","iríais","irían"],"Pretérito Imperfecto":["aba","abas","ábamos","abais","aban","ía","ías","íamos","íais","ían"],"Pretérito perfecto simple":["é","aste","ó","amos","asteis","aron","í","iste","ió","imos","isteis","ieron"]}}