{"type":"text","data":{"Frenar":["Stop","Peatón","Rojo","Sin visibilidad","obstáculo","carretera cortada","pitos cortos y frecuentes","agente de tráfico con mano levantada","atasco","Cede al paso","Ámbar fijo"],"Intermitente":["Cambio de carril","Adelantamiento","Cambio de dirección","Cambio de sentido","Indicar maniobra de estacionamiento","Salida de rotonda"],"Luces largas":["De noche","Sin coches delante","No deslumbras","más de 40 km/h","niebla espesa","túnel","lluvia intensa","polvo","humo","nieve","tormentas"],"luces cortas":["deslumbra","vía urbana","menos de 40 km/h","coche delante","De noche","Día","túneles"],"Luces antiniebla":["Poca visibilidad","Niebla","Humo"],"Luces de emergencia":["Avería","Velocidad anormalmente lenta","Fuego","Parado en la carretera","Fallo mecánico"]}}