{"type":"text","data":{"Puntuación alta (8-10)":["Una joya del cine moderno","Una experiencia cinematográfica impresionante","Una de las mejores películas que he visto","Una película increíblemente emocionante","Una obra maestra del cine","Una película emocionante e intensa","Una experiencia visualmente impresionante","Una historia cautivadora y bien contada","Una actuación inolvidable por parte del reparto","Una película que te deja sin palabras","Una obra maestra de su género","Una película que no te puedes perder","Una obra de arte cinematográfica","Una película que redefine el género","El mayor reclamo de la cartelera"],"Puntuación media (5-7)":["Una película entretenida","Una película sólida con algunas buenas actuaciones","Una buena película, pero con algunos problemas","Una película decente pero olvidable","Una película que no está mal","Una película entretenida pero no memorable","Una película que cumple con las expectativas","Una buena película que se queda un poco corta","Una película con algunas buenas actuaciones pero con problemas de ritmo","Una película decente pero no innovadora","Una película que se beneficia de un buen guion","Una película con algunas escenas realmente impactantes","Una película con una historia interesante pero con una ejecución desigual","Una película que entretiene pero no se destaca en nada","Una película que tiene algunas fallas, pero que es disfrutable en general"],"Puntuación baja (1-4)":["Una pérdida de tiempo completa","Una película terrible y mal hecha","Una película sin sentido y aburrida","La peor película que he visto en mi vida","Una película que debería ser evitada a toda costa","Una película que es una completa pérdida de tiempo y dinero","Una película que intenta ser inteligente, pero fracasa por completo","Una película aburrida y sin sentido","Una película que insulta la inteligencia del espectador","Una película sin alma y mal actuada","La peor película del año","Una película que es difícil de ver por lo mala que es","Una película que no vale ni el tiempo ni el dinero","Una película que no tiene salvación","Un motivo más para no ir al cine"]}}