{"type":"text","data":{"Positivo":["Esto es justo lo que necesitaba, ¡muchas gracias!","¡Qué bien lo hiciste! Estoy impresionado/a","Me encanta cómo abordas este tema, ¡sigue así!","Excelente trabajo, ¡gracias por todo!","Me encanta cómo te expresas, ¡sigue así!","¡Bravo! Me has dejado sin palabras","Felicidades por tu éxito, ¡te lo mereces!","Me encanta tu creatividad y originalidad, ¡sigue adelante!","¡Esto es fantástico! Me encanta cómo lo has logrado","Gracias por hacer de esto una experiencia tan positiva","Acabo de tener la mejor cena de mi vida.","Me encanta este libro. Lo recomendaría a cualquiera.","Esta canción es una obra maestra. Me encanta.","Este coche es simplemente impresionante.","Me encanta trabajar contigo, eres un gran colaborador","Estoy impresionado/a con tu habilidad para resolver problemas, ¡sigue así!"],"Negativo":["Esto es terrible, no puedo creer lo mal que está","No entiendo por qué sigues haciendo esto, siempre te sale mal","Mejor renuncia, no estás hecho para esto","No me gusta cómo te expresas, deberías cambiarlo","¿Por qué siempre tienes que ser tan negativo?","No eres lo suficientemente bueno para esto, deberías dejarlo","Esto es un fracaso total, deberías avergonzarte","No veo cómo esto pueda ser útil, es un desperdicio de tiempo","Mejor deja de intentarlo, nunca lo lograrás","Esto es una pérdida de recursos y dinero","No hay manera de que puedas hacerlo bien, mejor renuncia","No entiendo por qué sigues intentándolo, siempre terminas fracasando","No te molestes en intentarlo, nunca podrás lograrlo","No entiendo por qué a algunas personas les gusta tanto esta serie.","No puedo creer lo mal que jugó mi equipo anoche.","Esta película es una completa pérdida de tiempo. No la veas.","Me parece fatal tu comportamiento","Es lo peor que he visto en mucho tiempo"],"Neutro":["No tengo preferencias entre las dos opciones","Hoy no tengo planes, así que puedo hacer cualquier cosa","Estoy leyendo un libro interesante en este momento","El almuerzo que comí hoy fue bastante normal","La película que vi el fin de semana estuvo bien, ni muy buena ni muy mala","No tengo una opinión firme sobre ese tema","Hoy es un día común y corriente, nada especial","La cena que preparé ayer estuvo bien, no fue nada extraordinario","No tengo una preferencia clara por ningún tipo de música en particular","La película que vimos fue entretenida","La habitación es amplia y luminosa","El perro está ladrando en el patio","La música de fondo es relajante","El vuelo sale a tiempo","El parque tiene un sendero para caminar","La pintura de la pared está descascarada"]}}